<?xml version="1.0"?>
<opencv_storage>
<stage7>
  <maxWeakCount>7</maxWeakCount>
  <stageThreshold>-2.1590085327625275e-01</stageThreshold>
  <weakClassifiers>
    <_>
      <internalNodes>
        0 -1 115011 -1.4782290672883391e-03</internalNodes>
      <leafValues>
        -8.3333331346511841e-01 4.0444445610046387e-01</leafValues></_>
    <_>
      <internalNodes>
        0 -1 134496 -2.2900450974702835e-02</internalNodes>
      <leafValues>
        7.8144443035125732e-01 -3.0158314108848572e-01</leafValues></_>
    <_>
      <internalNodes>
        0 -1 53632 -3.1243888661265373e-03</internalNodes>
      <leafValues>
        6.8405628204345703e-01 -2.2942748665809631e-01</leafValues></_>
    <_>
      <internalNodes>
        0 -1 138839 -2.3698087781667709e-02</internalNodes>
      <leafValues>
        7.8731179237365723e-01 -2.3337543010711670e-01</leafValues></_>
    <_>
      <internalNodes>
        0 -1 133757 -1.4626998563471716e-05</internalNodes>
      <leafValues>
        4.6086129546165466e-01 -3.8979023694992065e-01</leafValues></_>
    <_>
      <internalNodes>
        0 -1 120131 3.6781348171643913e-04</internalNodes>
      <leafValues>
        3.4218207001686096e-01 -6.1744725704193115e-01</leafValues></_>
    <_>
      <internalNodes>
        0 -1 144053 5.8084912598133087e-04</internalNodes>
      <leafValues>
        3.4639909863471985e-01 -5.7592517137527466e-01</leafValues></_></weakClassifiers></stage7>
</opencv_storage>
