<?xml version="1.0"?>
<opencv_storage>
<stage4>
  <maxWeakCount>6</maxWeakCount>
  <stageThreshold>-5.8245623111724854e-01</stageThreshold>
  <weakClassifiers>
    <_>
      <internalNodes>
        0 -1 52733 1.1032180860638618e-02</internalNodes>
      <leafValues>
        -3.0827066302299500e-01 7.9687500000000000e-01</leafValues></_>
    <_>
      <internalNodes>
        0 -1 129214 -1.2711646035313606e-02</internalNodes>
      <leafValues>
        6.4779335260391235e-01 -3.6461010575294495e-01</leafValues></_>
    <_>
      <internalNodes>
        0 -1 88304 -5.6651900522410870e-03</internalNodes>
      <leafValues>
        -9.6674853563308716e-01 2.3291847109794617e-01</leafValues></_>
    <_>
      <internalNodes>
        0 -1 18966 -1.7557084560394287e-02</internalNodes>
      <leafValues>
        7.0417827367782593e-01 -3.2391995191574097e-01</leafValues></_>
    <_>
      <internalNodes>
        0 -1 40647 3.9722833782434464e-02</internalNodes>
      <leafValues>
        -4.3792590498924255e-01 4.4491171836853027e-01</leafValues></_>
    <_>
      <internalNodes>
        0 -1 159922 6.3706394284963608e-03</internalNodes>
      <leafValues>
        -2.6348569989204407e-01 8.2799369096755981e-01</leafValues></_></weakClassifiers></stage4>
</opencv_storage>
