<?xml version="1.0"?>
<opencv_storage>
<stage3>
  <maxWeakCount>6</maxWeakCount>
  <stageThreshold>-2.2798106074333191e-01</stageThreshold>
  <weakClassifiers>
    <_>
      <internalNodes>
        0 -1 76158 -1.0600952431559563e-02</internalNodes>
      <leafValues>
        8.1034481525421143e-01 -2.2758620977401733e-01</leafValues></_>
    <_>
      <internalNodes>
        0 -1 5932 -7.8877685591578484e-03</internalNodes>
      <leafValues>
        7.1169441938400269e-01 -2.1116730570793152e-01</leafValues></_>
    <_>
      <internalNodes>
        0 -1 37884 -2.9373276047408581e-03</internalNodes>
      <leafValues>
        6.1189520359039307e-01 -2.9462245106697083e-01</leafValues></_>
    <_>
      <internalNodes>
        0 -1 132971 1.8136049620807171e-03</internalNodes>
      <leafValues>
        2.6550433039665222e-01 -7.5659525394439697e-01</leafValues></_>
    <_>
      <internalNodes>
        0 -1 77066 1.9882931374013424e-03</internalNodes>
      <leafValues>
        -3.4024381637573242e-01 7.4381732940673828e-01</leafValues></_>
    <_>
      <internalNodes>
        0 -1 76919 -1.1543472064658999e-03</internalNodes>
      <leafValues>
        7.4795603752136230e-01 -3.2638323307037354e-01</leafValues></_></weakClassifiers></stage3>
</opencv_storage>
