<?xml version="1.0"?>
<opencv_storage>
<stage6>
  <maxWeakCount>7</maxWeakCount>
  <stageThreshold>-7.6829326152801514e-01</stageThreshold>
  <weakClassifiers>
    <_>
      <internalNodes>
        0 -1 61948 4.7364227473735809e-02</internalNodes>
      <leafValues>
        -1.1904761940240860e-01 8.7096774578094482e-01</leafValues></_>
    <_>
      <internalNodes>
        0 -1 89387 -2.5954183191061020e-02</internalNodes>
      <leafValues>
        6.7775857448577881e-01 -2.5227048993110657e-01</leafValues></_>
    <_>
      <internalNodes>
        0 -1 112810 -1.1031038411601912e-05</internalNodes>
      <leafValues>
        4.9797868728637695e-01 -4.8291108012199402e-01</leafValues></_>
    <_>
      <internalNodes>
        0 -1 114088 1.6355146726709791e-05</internalNodes>
      <leafValues>
        -4.2286998033523560e-01 4.6847540140151978e-01</leafValues></_>
    <_>
      <internalNodes>
        0 -1 151547 1.4883326366543770e-02</internalNodes>
      <leafValues>
        -2.6757055521011353e-01 7.9633188247680664e-01</leafValues></_>
    <_>
      <internalNodes>
        0 -1 115001 1.4477584045380354e-03</internalNodes>
      <leafValues>
        2.8542917966842651e-01 -8.6395400762557983e-01</leafValues></_>
    <_>
      <internalNodes>
        0 -1 79329 1.2250964573468082e-05</internalNodes>
      <leafValues>
        -4.8994246125221252e-01 4.6807083487510681e-01</leafValues></_></weakClassifiers></stage6>
</opencv_storage>
