<?xml version="1.0"?>
<opencv_storage>
<stage8>
  <maxWeakCount>7</maxWeakCount>
  <stageThreshold>-7.4431675672531128e-01</stageThreshold>
  <weakClassifiers>
    <_>
      <internalNodes>
        0 -1 107791 -1.4091307297348976e-02</internalNodes>
      <leafValues>
        7.1929824352264404e-01 -1.4285714924335480e-01</leafValues></_>
    <_>
      <internalNodes>
        0 -1 150707 1.8805032595992088e-03</internalNodes>
      <leafValues>
        -2.1788269281387329e-01 8.0587220191955566e-01</leafValues></_>
    <_>
      <internalNodes>
        0 -1 36755 6.0830790549516678e-02</internalNodes>
      <leafValues>
        -2.3761503398418427e-01 7.7175176143646240e-01</leafValues></_>
    <_>
      <internalNodes>
        0 -1 154443 -3.9856573566794395e-03</internalNodes>
      <leafValues>
        6.5672695636749268e-01 -2.5115898251533508e-01</leafValues></_>
    <_>
      <internalNodes>
        0 -1 160392 3.6258841864764690e-03</internalNodes>
      <leafValues>
        -2.4269235134124756e-01 6.7036581039428711e-01</leafValues></_>
    <_>
      <internalNodes>
        0 -1 142665 -1.5688657003920525e-04</internalNodes>
      <leafValues>
        5.2606528997421265e-01 -3.2575961947441101e-01</leafValues></_>
    <_>
      <internalNodes>
        0 -1 161496 -6.2509374693036079e-03</internalNodes>
      <leafValues>
        8.5453635454177856e-01 -2.3423692584037781e-01</leafValues></_></weakClassifiers></stage8>
</opencv_storage>
