<?xml version="1.0"?>
<opencv_storage>
<stage5>
  <maxWeakCount>7</maxWeakCount>
  <stageThreshold>-4.3644556403160095e-01</stageThreshold>
  <weakClassifiers>
    <_>
      <internalNodes>
        0 -1 38811 -2.0541869103908539e-02</internalNodes>
      <leafValues>
        7.5471699237823486e-01 -1.2258064746856689e-01</leafValues></_>
    <_>
      <internalNodes>
        0 -1 70235 -4.3057620525360107e-02</internalNodes>
      <leafValues>
        6.5441972017288208e-01 -2.7605828642845154e-01</leafValues></_>
    <_>
      <internalNodes>
        0 -1 111799 1.6823636367917061e-02</internalNodes>
      <leafValues>
        -2.3982623219490051e-01 6.8345445394515991e-01</leafValues></_>
    <_>
      <internalNodes>
        0 -1 153149 1.0306804906576872e-03</internalNodes>
      <leafValues>
        -3.3273097872734070e-01 5.8053195476531982e-01</leafValues></_>
    <_>
      <internalNodes>
        0 -1 28809 1.0715676471590996e-02</internalNodes>
      <leafValues>
        -2.4574841558933258e-01 6.8417131900787354e-01</leafValues></_>
    <_>
      <internalNodes>
        0 -1 154604 -3.1475166324526072e-03</internalNodes>
      <leafValues>
        5.9816950559616089e-01 -3.0441689491271973e-01</leafValues></_>
    <_>
      <internalNodes>
        0 -1 56453 -3.1389202922582626e-02</internalNodes>
      <leafValues>
        -7.2230148315429688e-01 2.9107236862182617e-01</leafValues></_></weakClassifiers></stage5>
</opencv_storage>
