<?xml version="1.0"?>
<opencv_storage>
<stage0>
  <maxWeakCount>5</maxWeakCount>
  <stageThreshold>-4.2172068357467651e-01</stageThreshold>
  <weakClassifiers>
    <_>
      <internalNodes>
        0 -1 33081 9.0436846017837524e-02</internalNodes>
      <leafValues>
        -3.2374101877212524e-01 8.6885243654251099e-01</leafValues></_>
    <_>
      <internalNodes>
        0 -1 74270 7.3435287922620773e-03</internalNodes>
      <leafValues>
        -3.7545645236968994e-01 8.5938513278961182e-01</leafValues></_>
    <_>
      <internalNodes>
        0 -1 90413 -3.4193031024187803e-03</internalNodes>
      <leafValues>
        9.1110086441040039e-01 -2.2105631232261658e-01</leafValues></_>
    <_>
      <internalNodes>
        0 -1 121019 -5.0258161500096321e-03</internalNodes>
      <leafValues>
        7.8265172243118286e-01 -3.4809091687202454e-01</leafValues></_>
    <_>
      <internalNodes>
        0 -1 15055 2.1129485219717026e-02</internalNodes>
      <leafValues>
        -2.8411862254142761e-01 9.5791894197463989e-01</leafValues></_></weakClassifiers></stage0>
</opencv_storage>
