<?xml version="1.0"?>
<opencv_storage>
<stage12>
  <maxWeakCount>9</maxWeakCount>
  <stageThreshold>-9.8994320631027222e-01</stageThreshold>
  <weakClassifiers>
    <_>
      <internalNodes>
        0 -1 127527 4.3636141344904900e-04</internalNodes>
      <leafValues>
        4.2452830076217651e-01 -5.9183675050735474e-01</leafValues></_>
    <_>
      <internalNodes>
        0 -1 70403 -4.0254943072795868e-02</internalNodes>
      <leafValues>
        7.9827541112899780e-01 -2.1404011547565460e-01</leafValues></_>
    <_>
      <internalNodes>
        0 -1 8677 -3.9533721283078194e-03</internalNodes>
      <leafValues>
        5.5364876985549927e-01 -2.6055449247360229e-01</leafValues></_>
    <_>
      <internalNodes>
        0 -1 131274 -3.7484886124730110e-03</internalNodes>
      <leafValues>
        6.6872680187225342e-01 -2.5392216444015503e-01</leafValues></_>
    <_>
      <internalNodes>
        0 -1 97131 -1.4390577234735247e-05</internalNodes>
      <leafValues>
        5.1138114929199219e-01 -4.0417814254760742e-01</leafValues></_>
    <_>
      <internalNodes>
        0 -1 150339 1.3951854780316353e-03</internalNodes>
      <leafValues>
        -2.3211652040481567e-01 6.6884642839431763e-01</leafValues></_>
    <_>
      <internalNodes>
        0 -1 129945 -1.2593394145369530e-02</internalNodes>
      <leafValues>
        6.2343662977218628e-01 -3.2377320528030396e-01</leafValues></_>
    <_>
      <internalNodes>
        0 -1 37307 -2.1680044010281563e-03</internalNodes>
      <leafValues>
        6.8606895208358765e-01 -3.1173846125602722e-01</leafValues></_>
    <_>
      <internalNodes>
        0 -1 127326 -5.2739348029717803e-04</internalNodes>
      <leafValues>
        -4.1195583343505859e-01 4.9602216482162476e-01</leafValues></_></weakClassifiers></stage12>
</opencv_storage>
