<?xml version="1.0"?>
<opencv_storage>
<stage11>
  <maxWeakCount>9</maxWeakCount>
  <stageThreshold>-4.6673718839883804e-02</stageThreshold>
  <weakClassifiers>
    <_>
      <internalNodes>
        0 -1 107056 2.9049672186374664e-02</internalNodes>
      <leafValues>
        -8.6419753730297089e-02 7.5757575035095215e-01</leafValues></_>
    <_>
      <internalNodes>
        0 -1 31670 3.1499557197093964e-02</internalNodes>
      <leafValues>
        -3.2938417792320251e-01 4.9280783534049988e-01</leafValues></_>
    <_>
      <internalNodes>
        0 -1 66766 -5.4362032096832991e-04</internalNodes>
      <leafValues>
        4.8075705766677856e-01 -3.1904265284538269e-01</leafValues></_>
    <_>
      <internalNodes>
        0 -1 97419 -6.0353748267516494e-04</internalNodes>
      <leafValues>
        -6.6936141252517700e-01 2.5392472743988037e-01</leafValues></_>
    <_>
      <internalNodes>
        0 -1 123844 1.8504734616726637e-03</internalNodes>
      <leafValues>
        -2.2828397154808044e-01 7.0379316806793213e-01</leafValues></_>
    <_>
      <internalNodes>
        0 -1 156333 -9.8986681550741196e-03</internalNodes>
      <leafValues>
        8.8221013545989990e-01 -2.0360438525676727e-01</leafValues></_>
    <_>
      <internalNodes>
        0 -1 144809 -5.3555471822619438e-03</internalNodes>
      <leafValues>
        6.7989569902420044e-01 -2.0477111637592316e-01</leafValues></_>
    <_>
      <internalNodes>
        0 -1 1253 3.2952442765235901e-02</internalNodes>
      <leafValues>
        -1.6089577972888947e-01 8.7652307748794556e-01</leafValues></_>
    <_>
      <internalNodes>
        0 -1 148358 -1.2381342239677906e-03</internalNodes>
      <leafValues>
        5.2648419141769409e-01 -3.1089773774147034e-01</leafValues></_></weakClassifiers></stage11>
</opencv_storage>
