<?xml version="1.0"?>
<opencv_storage>
<stage14>
  <maxWeakCount>10</maxWeakCount>
  <stageThreshold>-2.7530965209007263e-01</stageThreshold>
  <weakClassifiers>
    <_>
      <internalNodes>
        0 -1 97454 6.6313316347077489e-04</internalNodes>
      <leafValues>
        4.0000000596046448e-01 -6.5853661298751831e-01</leafValues></_>
    <_>
      <internalNodes>
        0 -1 159196 -8.9698459487408400e-04</internalNodes>
      <leafValues>
        7.9139232635498047e-01 -2.0741000771522522e-01</leafValues></_>
    <_>
      <internalNodes>
        0 -1 132763 -1.0439832694828510e-03</internalNodes>
      <leafValues>
        -8.0119937658309937e-01 2.2049878537654877e-01</leafValues></_>
    <_>
      <internalNodes>
        0 -1 107835 -4.8692198470234871e-03</internalNodes>
      <leafValues>
        6.7495644092559814e-01 -2.5711962580680847e-01</leafValues></_>
    <_>
      <internalNodes>
        0 -1 157006 9.2242384562268853e-04</internalNodes>
      <leafValues>
        -1.6993230581283569e-01 7.9172170162200928e-01</leafValues></_>
    <_>
      <internalNodes>
        0 -1 55942 4.9430005252361298e-02</internalNodes>
      <leafValues>
        -1.8639208376407623e-01 6.9726175069808960e-01</leafValues></_>
    <_>
      <internalNodes>
        0 -1 12535 1.0856614971999079e-04</internalNodes>
      <leafValues>
        -2.4630743265151978e-01 5.1913726329803467e-01</leafValues></_>
    <_>
      <internalNodes>
        0 -1 120175 2.6738755404949188e-03</internalNodes>
      <leafValues>
        2.8098326921463013e-01 -6.1500608921051025e-01</leafValues></_>
    <_>
      <internalNodes>
        0 -1 127 2.4065140634775162e-02</internalNodes>
      <leafValues>
        -2.9806184768676758e-01 6.5542811155319214e-01</leafValues></_>
    <_>
      <internalNodes>
        0 -1 56735 -1.6007677913876250e-05</internalNodes>
      <leafValues>
        4.8152345418930054e-01 -3.8444456458091736e-01</leafValues></_></weakClassifiers></stage14>
</opencv_storage>
