<?xml version="1.0"?>
<opencv_storage>
<stage2>
  <maxWeakCount>8</maxWeakCount>
  <stageThreshold>-2.1476188302040100e-01</stageThreshold>
  <weakClassifiers>
    <_>
      <internalNodes>
        0 -1 32471 1.6328941285610199e-01</internalNodes>
      <leafValues>
        -1.5789473056793213e-01 7.7981650829315186e-01</leafValues></_>
    <_>
      <internalNodes>
        0 -1 88248 -1.8014045781455934e-04</internalNodes>
      <leafValues>
        -5.4676890373229980e-01 4.1330075263977051e-01</leafValues></_>
    <_>
      <internalNodes>
        0 -1 5063 -1.0167166590690613e-02</internalNodes>
      <leafValues>
        8.6327725648880005e-01 -2.8473803400993347e-01</leafValues></_>
    <_>
      <internalNodes>
        0 -1 152039 -2.1489165723323822e-02</internalNodes>
      <leafValues>
        7.8252732753753662e-01 -2.5517651438713074e-01</leafValues></_>
    <_>
      <internalNodes>
        0 -1 158918 1.7979550175368786e-03</internalNodes>
      <leafValues>
        -2.5190392136573792e-01 8.1600052118301392e-01</leafValues></_>
    <_>
      <internalNodes>
        0 -1 96387 -1.8868152052164078e-02</internalNodes>
      <leafValues>
        7.6493245363235474e-01 -2.5898453593254089e-01</leafValues></_>
    <_>
      <internalNodes>
        0 -1 45998 6.3340336084365845e-02</internalNodes>
      <leafValues>
        -1.5192373096942902e-01 9.2462503910064697e-01</leafValues></_>
    <_>
      <internalNodes>
        0 -1 70484 -1.5302312094718218e-03</internalNodes>
      <leafValues>
        7.3255884647369385e-01 -2.6421868801116943e-01</leafValues></_></weakClassifiers></stage2>
</opencv_storage>
