<?xml version="1.0"?>
<opencv_storage>
<stage13>
  <maxWeakCount>8</maxWeakCount>
  <stageThreshold>-5.0440788269042969e-01</stageThreshold>
  <weakClassifiers>
    <_>
      <internalNodes>
        0 -1 113582 2.1927305497229099e-03</internalNodes>
      <leafValues>
        3.7991267442703247e-01 -8.1250000000000000e-01</leafValues></_>
    <_>
      <internalNodes>
        0 -1 1155 -3.0527762137353420e-03</internalNodes>
      <leafValues>
        6.0117864608764648e-01 -2.8310722112655640e-01</leafValues></_>
    <_>
      <internalNodes>
        0 -1 148107 -4.1416250169277191e-03</internalNodes>
      <leafValues>
        5.9185034036636353e-01 -2.8075009584426880e-01</leafValues></_>
    <_>
      <internalNodes>
        0 -1 119023 -6.6139898262917995e-04</internalNodes>
      <leafValues>
        5.3771448135375977e-01 -3.5254564881324768e-01</leafValues></_>
    <_>
      <internalNodes>
        0 -1 60365 -6.9346104282885790e-04</internalNodes>
      <leafValues>
        -6.8895733356475830e-01 2.6953503489494324e-01</leafValues></_>
    <_>
      <internalNodes>
        0 -1 3164 -2.8994972817599773e-03</internalNodes>
      <leafValues>
        9.5307487249374390e-01 -1.9077357649803162e-01</leafValues></_>
    <_>
      <internalNodes>
        0 -1 48415 2.0378439221531153e-03</internalNodes>
      <leafValues>
        2.0584580302238464e-01 -9.4444346427917480e-01</leafValues></_>
    <_>
      <internalNodes>
        0 -1 8243 5.9615122154355049e-03</internalNodes>
      <leafValues>
        -2.5252491235733032e-01 6.8926370143890381e-01</leafValues></_></weakClassifiers></stage13>
</opencv_storage>
