<?xml version="1.0"?>
<opencv_storage>
<stage9>
  <maxWeakCount>8</maxWeakCount>
  <stageThreshold>-2.3489424586296082e-01</stageThreshold>
  <weakClassifiers>
    <_>
      <internalNodes>
        0 -1 50124 -3.6492936778813601e-03</internalNodes>
      <leafValues>
        -3.2608696818351746e-01 5.3846156597137451e-01</leafValues></_>
    <_>
      <internalNodes>
        0 -1 14236 -2.7989032678306103e-03</internalNodes>
      <leafValues>
        5.8979994058609009e-01 -3.0428075790405273e-01</leafValues></_>
    <_>
      <internalNodes>
        0 -1 11975 -8.3191609010100365e-03</internalNodes>
      <leafValues>
        5.1835769414901733e-01 -3.5300099849700928e-01</leafValues></_>
    <_>
      <internalNodes>
        0 -1 89723 -1.1407566256821156e-02</internalNodes>
      <leafValues>
        4.9707612395286560e-01 -3.1930428743362427e-01</leafValues></_>
    <_>
      <internalNodes>
        0 -1 78995 -4.1740050073713064e-04</internalNodes>
      <leafValues>
        -8.2600980997085571e-01 2.7180927991867065e-01</leafValues></_>
    <_>
      <internalNodes>
        0 -1 54260 6.0439330991357565e-04</internalNodes>
      <leafValues>
        -3.6801889538764954e-01 5.4844027757644653e-01</leafValues></_>
    <_>
      <internalNodes>
        0 -1 80180 -4.8354282043874264e-03</internalNodes>
      <leafValues>
        6.0025566816329956e-01 -2.9922878742218018e-01</leafValues></_>
    <_>
      <internalNodes>
        0 -1 9338 5.9465821832418442e-03</internalNodes>
      <leafValues>
        -2.1771173179149628e-01 7.1195507049560547e-01</leafValues></_></weakClassifiers></stage9>
</opencv_storage>
