<?xml version="1.0"?>
<opencv_storage>
<stage10>
  <maxWeakCount>8</maxWeakCount>
  <stageThreshold>-5.7030153274536133e-01</stageThreshold>
  <weakClassifiers>
    <_>
      <internalNodes>
        0 -1 100482 8.7208911776542664e-02</internalNodes>
      <leafValues>
        -1.9708029925823212e-01 7.0967739820480347e-01</leafValues></_>
    <_>
      <internalNodes>
        0 -1 108027 -1.1754109291359782e-03</internalNodes>
      <leafValues>
        -8.6359161138534546e-01 2.6848223805427551e-01</leafValues></_>
    <_>
      <internalNodes>
        0 -1 73052 3.8024604320526123e-02</internalNodes>
      <leafValues>
        -3.4610205888748169e-01 5.3620976209640503e-01</leafValues></_>
    <_>
      <internalNodes>
        0 -1 121918 -1.6539951320737600e-03</internalNodes>
      <leafValues>
        -9.0119159221649170e-01 1.7329753935337067e-01</leafValues></_>
    <_>
      <internalNodes>
        0 -1 42106 3.9629109203815460e-02</internalNodes>
      <leafValues>
        -2.5815969705581665e-01 7.6326435804367065e-01</leafValues></_>
    <_>
      <internalNodes>
        0 -1 97218 2.2820219397544861e-02</internalNodes>
      <leafValues>
        2.1528394520282745e-01 -8.3744925260543823e-01</leafValues></_>
    <_>
      <internalNodes>
        0 -1 7227 1.7910610884428024e-02</internalNodes>
      <leafValues>
        -4.7670096158981323e-01 3.6891147494316101e-01</leafValues></_>
    <_>
      <internalNodes>
        0 -1 133815 -3.2933193724602461e-03</internalNodes>
      <leafValues>
        -6.5823477506637573e-01 3.0043977499008179e-01</leafValues></_></weakClassifiers></stage10>
</opencv_storage>
