<?xml version="1.0"?>
<opencv_storage>
<stage1>
  <maxWeakCount>7</maxWeakCount>
  <stageThreshold>-6.3840711116790771e-01</stageThreshold>
  <weakClassifiers>
    <_>
      <internalNodes>
        0 -1 69113 2.8111727442592382e-04</internalNodes>
      <leafValues>
        5.0999999046325684e-01 -6.7213112115859985e-01</leafValues></_>
    <_>
      <internalNodes>
        0 -1 46522 7.9584456980228424e-03</internalNodes>
      <leafValues>
        -3.0633446574211121e-01 9.4474488496780396e-01</leafValues></_>
    <_>
      <internalNodes>
        0 -1 26912 6.0845687985420227e-03</internalNodes>
      <leafValues>
        -3.0124124884605408e-01 7.1410375833511353e-01</leafValues></_>
    <_>
      <internalNodes>
        0 -1 129992 3.3012400381267071e-03</internalNodes>
      <leafValues>
        -4.0855413675308228e-01 5.4503798484802246e-01</leafValues></_>
    <_>
      <internalNodes>
        0 -1 81218 -1.3285034801810980e-03</internalNodes>
      <leafValues>
        6.6671144962310791e-01 -3.6519899964332581e-01</leafValues></_>
    <_>
      <internalNodes>
        0 -1 131428 3.3981949090957642e-02</internalNodes>
      <leafValues>
        -3.7304466962814331e-01 6.4015334844589233e-01</leafValues></_>
    <_>
      <internalNodes>
        0 -1 24783 -2.5566777912899852e-04</internalNodes>
      <leafValues>
        6.4564645290374756e-01 -3.4762573242187500e-01</leafValues></_></weakClassifiers></stage1>
</opencv_storage>
